date,MU_cedear_value,MSFT_cedear_value,AMD_cedear_value,MELI_cedear_value,AMZN_cedear_value,NU_cedear_value,MU_underlying_value,MSFT_underlying_value,AMD_underlying_value,MELI_underlying_value,AMZN_underlying_value,NU_underlying_value,MU_implied_fx,MSFT_implied_fx,AMD_implied_fx,MELI_implied_fx,AMZN_implied_fx,NU_implied_fx,MU_cedear_ts,MSFT_cedear_ts,AMD_cedear_ts,MELI_cedear_ts,AMZN_cedear_ts,NU_cedear_ts,MU_underlying_ts,MSFT_underlying_ts,AMD_underlying_ts,MELI_underlying_ts,AMZN_underlying_ts,NU_underlying_ts
2026-05-29,979306.5021834060,454091.6065700481,520514.9967744652,1710155.6069373251,272955.2276995130,13242.3218184767,971.0000000000,450.2399902344,516.0999755859,1695.6500244141,270.6400146484,13.1300001144,1008.554585152838,1008.554585152838,1008.554585152838,1008.554585152838,1008.554585152838,1008.554585152838,2026-05-29T13:30:00+00:00,2026-05-29T13:30:00+00:00,2026-05-29T13:30:00+00:00,2026-05-29T13:30:00+00:00,2026-05-29T13:30:00+00:00,2026-05-29T13:30:00+00:00,2026-05-29T13:30:00+00:00,2026-05-29T13:30:00+00:00,2026-05-29T13:30:00+00:00,2026-05-29T13:30:00+00:00,2026-05-29T13:30:00+00:00,2026-05-29T13:30:00+00:00
2026-06-01,1044432.8831877729,464492.7280455343,514530.7115406553,1745912.5173744969,263513.8051773804,13102.0597909777,1035.5000000000,460.5199890137,510.1300048828,1730.9799804688,261.2600097656,12.9899997711,1008.626637554585,1008.626637554585,1008.626637554585,1008.626637554585,1008.626637554585,1008.626637554585,2026-06-01T13:30:00+00:00,2026-06-01T13:30:00+00:00,2026-06-01T13:30:00+00:00,2026-06-01T13:30:00+00:00,2026-06-01T13:30:00+00:00,2026-06-01T13:30:00+00:00,2026-06-01T13:30:00+00:00,2026-06-01T13:30:00+00:00,2026-06-01T13:30:00+00:00,2026-06-01T13:30:00+00:00,2026-06-01T13:30:00+00:00,2026-06-01T13:30:00+00:00
2026-06-02,1073305.1373834736,445127.6181051595,526051.6404573532,1687301.0309147064,258739.0549448338,12033.2026222262,1064.0999755859,441.3099975586,521.5399780273,1672.8299560547,256.5199890137,11.9300003052,1008.650655021834,1008.650655021834,1008.650655021834,1008.650655021834,1008.650655021834,1008.650655021834,2026-06-02T13:30:00+00:00,2026-06-02T13:30:00+00:00,2026-06-02T13:30:00+00:00,2026-06-02T13:30:00+00:00,2026-06-02T13:30:00+00:00,2026-06-02T13:30:00+00:00,2026-06-02T13:30:00+00:00,2026-06-02T13:30:00+00:00,2026-06-02T13:30:00+00:00,2026-06-02T13:30:00+00:00,2026-06-02T13:30:00+00:00,2026-06-02T13:30:00+00:00
2026-06-03,1088934.8620021769,431047.0308476077,547226.2030194545,1652753.8372616163,252188.8459252437,11740.9735340739,1079.5699462891,427.3399963379,542.5200195312,1638.5400390625,250.0200042725,11.6400003433,1008.674672489083,1008.674672489083,1008.674672489083,1008.674672489083,1008.674672489083,1008.674672489083,2026-06-03T13:30:00+00:00,2026-06-03T13:30:00+00:00,2026-06-03T13:30:00+00:00,2026-06-03T13:30:00+00:00,2026-06-03T13:30:00+00:00,2026-06-03T13:30:00+00:00,2026-06-03T13:30:00+00:00,2026-06-03T13:30:00+00:00,2026-06-03T13:30:00+00:00,2026-06-03T13:30:00+00:00,2026-06-03T13:30:00+00:00,2026-06-03T13:30:00+00:00
2026-06-04,1004663.8951965066,431773.4619225914,527751.1668983693,1649000.4739185318,255997.6337517484,12225.4280068343,996.0000000000,428.0499877930,523.2000122070,1634.7800292969,253.7899932861,12.1199998856,1008.698689956332,1008.698689956332,1008.698689956332,1008.698689956332,1008.698689956332,1008.698689956332,2026-06-04T13:30:00+00:00,2026-06-04T13:30:00+00:00,2026-06-04T13:30:00+00:00,2026-06-04T13:30:00+00:00,2026-06-04T13:30:00+00:00,2026-06-04T13:30:00+00:00,2026-06-04T13:30:00+00:00,2026-06-04T13:30:00+00:00,2026-06-04T13:30:00+00:00,2026-06-04T13:30:00+00:00,2026-06-04T13:30:00+00:00,2026-06-04T13:30:00+00:00
2026-06-05,871546.5162918557,420304.5040470440,470448.1012136135,1621824.4182496716,248176.0464760726,12074.4110772183,864.0100097656,416.6700134277,466.3800048828,1607.8000488281,246.0299987793,11.9700002670,1008.722707423581,1008.722707423581,1008.722707423581,1008.722707423581,1008.722707423581,1008.722707423581,2026-06-05T13:30:00+00:00,2026-06-05T13:30:00+00:00,2026-06-05T13:30:00+00:00,2026-06-05T13:30:00+00:00,2026-06-05T13:30:00+00:00,2026-06-05T13:30:00+00:00,2026-06-05T13:30:00+00:00,2026-06-05T13:30:00+00:00,2026-06-05T13:30:00+00:00,2026-06-05T13:30:00+00:00,2026-06-05T13:30:00+00:00,2026-06-05T13:30:00+00:00
2026-06-08,957628.7191615209,415361.1445589691,494642.3210393248,1626167.0550393185,247376.6522358057,11702.0195987985,949.2800292969,411.7399902344,490.3299865723,1611.9899902344,245.2200012207,11.6000003815,1008.794759825328,1008.794759825328,1008.794759825328,1008.794759825328,1008.794759825328,1008.794759825328,2026-06-08T13:30:00+00:00,2026-06-08T13:30:00+00:00,2026-06-08T13:30:00+00:00,2026-06-08T13:30:00+00:00,2026-06-08T13:30:00+00:00,2026-06-08T13:30:00+00:00,2026-06-08T13:30:00+00:00,2026-06-08T13:30:00+00:00,2026-06-08T13:30:00+00:00,2026-06-08T13:30:00+00:00,2026-06-08T13:30:00+00:00,2026-06-08T13:30:00+00:00
2026-06-09,944143.4202579681,406967.5866420030,479703.4266421389,1655633.0590225954,246343.4596900107,11984.7671896860,935.8900146484,403.4100036621,475.5100097656,1641.1600341797,244.1900024414,11.8800001144,1008.818777292576,1008.818777292576,1008.818777292576,1008.818777292577,1008.818777292576,1008.818777292576,2026-06-09T13:30:00+00:00,2026-06-09T13:30:00+00:00,2026-06-09T13:30:00+00:00,2026-06-09T13:30:00+00:00,2026-06-09T13:30:00+00:00,2026-06-09T13:30:00+00:00,2026-06-09T13:30:00+00:00,2026-06-09T13:30:00+00:00,2026-06-09T13:30:00+00:00,2026-06-09T13:30:00+00:00,2026-06-09T13:30:00+00:00,2026-06-09T13:30:00+00:00
2026-06-10,899766.7167163832,400873.7581477936,456400.4741918572,1602334.9618970046,240104.5851528384,11722.7531596563,891.8800048828,397.3599853516,452.3999938965,1588.2900390625,238.0000000000,11.6199998856,1008.842794759825,1008.842794759825,1008.842794759825,1008.842794759825,1008.842794759825,1008.842794759825,2026-06-10T13:30:00+00:00,2026-06-10T13:30:00+00:00,2026-06-10T13:30:00+00:00,2026-06-10T13:30:00+00:00,2026-06-10T13:30:00+00:00,2026-06-10T13:30:00+00:00,2026-06-10T13:30:00+00:00,2026-06-10T13:30:00+00:00,2026-06-10T13:30:00+00:00,2026-06-10T13:30:00+00:00,2026-06-10T13:30:00+00:00,2026-06-10T13:30:00+00:00
2026-06-11,1004700.1873664689,393801.0677901355,492781.0067475831,1624275.5676855894,243651.4182790898,12197.1999137662,995.8699951172,390.3399963379,488.4500122070,1610.0000000000,241.5099945068,12.0900001526,1008.866812227074,1008.866812227074,1008.866812227074,1008.866812227074,1008.866812227074,1008.866812227074,2026-06-11T13:30:00+00:00,2026-06-11T13:30:00+00:00,2026-06-11T13:30:00+00:00,2026-06-11T13:30:00+00:00,2026-06-11T13:30:00+00:00,2026-06-11T13:30:00+00:00,2026-06-11T13:30:00+00:00,2026-06-11T13:30:00+00:00,2026-06-11T13:30:00+00:00,2026-06-11T13:30:00+00:00,2026-06-11T13:30:00+00:00,2026-06-11T13:30:00+00:00
2026-06-12,990337.3125575702,394213.9929423103,516118.2891360620,1603732.8382509721,240670.9105024712,12298.3787906264,981.6099853516,390.7399902344,511.5700073242,1589.5999755859,238.5500030518,12.1899995804,1008.890829694323,1008.890829694323,1008.890829694323,1008.890829694323,1008.890829694323,1008.890829694323,2026-06-12T13:30:00+00:00,2026-06-12T13:30:00+00:00,2026-06-12T13:30:00+00:00,2026-06-12T13:30:00+00:00,2026-06-12T13:30:00+00:00,2026-06-12T13:30:00+00:00,2026-06-12T13:30:00+00:00,2026-06-12T13:30:00+00:00,2026-06-12T13:30:00+00:00,2026-06-12T13:30:00+00:00,2026-06-12T13:30:00+00:00,2026-06-12T13:30:00+00:00
2026-06-15,1097741.5162385500,403343.0115998780,552165.0367090483,1661116.1157879559,248225.0525640296,12541.4089323652,1087.9899902344,399.7600097656,547.2600097656,1646.3599853516,246.0200042725,12.4300003052,1008.962882096070,1008.962882096070,1008.962882096070,1008.962882096070,1008.962882096070,1008.962882096070,2026-06-15T13:30:00+00:00,2026-06-15T13:30:00+00:00,2026-06-15T13:30:00+00:00,2026-06-15T13:30:00+00:00,2026-06-15T13:30:00+00:00,2026-06-15T13:30:00+00:00,2026-06-15T13:30:00+00:00,2026-06-15T13:30:00+00:00,2026-06-15T13:30:00+00:00,2026-06-15T13:30:00+00:00,2026-06-15T13:30:00+00:00,2026-06-15T13:30:00+00:00
2026-06-16,1029933.4774516409,397369.2971066138,511848.9729011902,1689124.7444807161,248210.7772925764,12834.3136318740,1020.7600097656,393.8299865723,507.2900085449,1674.0799560547,246.0000000000,12.7200002670,1008.986899563319,1008.986899563319,1008.986899563319,1008.986899563319,1008.986899563319,1008.986899563319,2026-06-16T13:30:00+00:00,2026-06-16T13:30:00+00:00,2026-06-16T13:30:00+00:00,2026-06-16T13:30:00+00:00,2026-06-16T13:30:00+00:00,2026-06-16T13:30:00+00:00,2026-06-16T13:30:00+00:00,2026-06-16T13:30:00+00:00,2026-06-16T13:30:00+00:00,2026-06-16T13:30:00+00:00,2026-06-16T13:30:00+00:00,2026-06-16T13:30:00+00:00
2026-06-17,1052590.0394153844,382324.3302671608,517097.8950525809,1646524.1404338987,239640.0927947598,13006.1510669404,1043.1899414062,378.9100036621,512.4799804688,1631.8199462891,237.5000000000,12.8900003433,1009.010917030568,1009.010917030568,1009.010917030568,1009.010917030568,1009.010917030568,1009.010917030568,2026-06-17T13:30:00+00:00,2026-06-17T13:30:00+00:00,2026-06-17T13:30:00+00:00,2026-06-17T13:30:00+00:00,2026-06-17T13:30:00+00:00,2026-06-17T13:30:00+00:00,2026-06-17T13:30:00+00:00,2026-06-17T13:30:00+00:00,2026-06-17T13:30:00+00:00,2026-06-17T13:30:00+00:00,2026-06-17T13:30:00+00:00,2026-06-17T13:30:00+00:00
2026-06-18,1144235.5155173223,382827.8479898112,542225.0978241633,1649923.4977787468,246598.0470260553,12824.8340559589,1133.9899902344,379.3999938965,537.3699951172,1635.1500244141,244.3899993896,12.7100000381,1009.034934497817,1009.034934497817,1009.034934497816,1009.034934497817,1009.034934497817,1009.034934497817,2026-06-18T13:30:00+00:00,2026-06-18T13:30:00+00:00,2026-06-18T13:30:00+00:00,2026-06-18T13:30:00+00:00,2026-06-18T13:30:00+00:00,2026-06-18T13:30:00+00:00,2026-06-18T13:30:00+00:00,2026-06-18T13:30:00+00:00,2026-06-18T13:30:00+00:00,2026-06-18T13:30:00+00:00,2026-06-18T13:30:00+00:00,2026-06-18T13:30:00+00:00
2026-06-22,1222441.1209972666,370694.1794485567,556666.9408662621,1603963.2256168548,234915.5997313787,12906.7855073562,1211.3800048828,367.3399963379,551.6300048828,1589.4499511719,232.7899932861,12.7899999619,1009.131004366812,1009.131004366812,1009.131004366812,1009.131004366812,1009.131004366812,1009.131004366812,2026-06-22T13:30:00+00:00,2026-06-22T13:30:00+00:00,2026-06-22T13:30:00+00:00,2026-06-22T13:30:00+00:00,2026-06-22T13:30:00+00:00,2026-06-22T13:30:00+00:00,2026-06-22T13:30:00+00:00,2026-06-22T13:30:00+00:00,2026-06-22T13:30:00+00:00,2026-06-22T13:30:00+00:00,2026-06-22T13:30:00+00:00,2026-06-22T13:30:00+00:00
2026-06-23,1061398.9970244695,377363.4313283862,524609.2134628629,1598158.4763703325,236253.2827775114,12705.2618788757,1051.7700195312,373.9400024414,519.8499755859,1583.6600341797,234.1100006104,12.5900001526,1009.155021834061,1009.155021834061,1009.155021834061,1009.155021834061,1009.155021834061,1009.155021834061,2026-06-23T13:30:00+00:00,2026-06-23T13:30:00+00:00,2026-06-23T13:30:00+00:00,2026-06-23T13:30:00+00:00,2026-06-23T13:30:00+00:00,2026-06-23T13:30:00+00:00,2026-06-23T13:30:00+00:00,2026-06-23T13:30:00+00:00,2026-06-23T13:30:00+00:00,2026-06-23T13:30:00+00:00,2026-06-23T13:30:00+00:00,2026-06-23T13:30:00+00:00
2026-06-24,1058134.3243530807,368814.5630797007,524510.7040311989,1674803.2040493228,236420.3778487959,12574.3708681914,1048.5100097656,365.4599914551,519.7399902344,1659.5699462891,234.2700042725,12.4600000381,1009.179039301310,1009.179039301310,1009.179039301310,1009.179039301310,1009.179039301310,1009.179039301310,2026-06-24T13:30:00+00:00,2026-06-24T13:30:00+00:00,2026-06-24T13:30:00+00:00,2026-06-24T13:30:00+00:00,2026-06-24T13:30:00+00:00,2026-06-24T13:30:00+00:00,2026-06-24T13:30:00+00:00,2026-06-24T13:30:00+00:00,2026-06-24T13:30:00+00:00,2026-06-24T13:30:00+00:00,2026-06-24T13:30:00+00:00,2026-06-24T13:30:00+00:00
2026-06-25,1224728.5207050440,356077.1009683401,537471.2793348554,1634152.0496724893,229099.1803733126,12574.6701258343,1213.5600585938,352.8299865723,532.5700073242,1619.2500000000,227.0099945068,12.4600000381,1009.203056768559,1009.203056768559,1009.203056768559,1009.203056768559,1009.203056768559,1009.203056768559,2026-06-25T13:30:00+00:00,2026-06-25T13:30:00+00:00,2026-06-25T13:30:00+00:00,2026-06-25T13:30:00+00:00,2026-06-25T13:30:00+00:00,2026-06-25T13:30:00+00:00,2026-06-25T13:30:00+00:00,2026-06-25T13:30:00+00:00,2026-06-25T13:30:00+00:00,2026-06-25T13:30:00+00:00,2026-06-25T13:30:00+00:00,2026-06-25T13:30:00+00:00
2026-06-26,1142778.0486186333,376411.4231096959,526392.6746274456,1690556.2474130690,234837.0503678634,13291.5206446835,1132.3299560547,372.9700012207,521.5800170898,1675.0999755859,232.6900024414,13.1700000763,1009.227074235808,1009.227074235808,1009.227074235808,1009.227074235808,1009.227074235808,1009.227074235808,2026-06-26T13:30:00+00:00,2026-06-26T13:30:00+00:00,2026-06-26T13:30:00+00:00,2026-06-26T13:30:00+00:00,2026-06-26T13:30:00+00:00,2026-06-26T13:30:00+00:00,2026-06-26T13:30:00+00:00,2026-06-26T13:30:00+00:00,2026-06-26T13:30:00+00:00,2026-06-26T13:30:00+00:00,2026-06-26T13:30:00+00:00,2026-06-26T13:30:00+00:00
2026-06-29,1155930.1333247689,371997.3864971311,544506.7759732575,1698781.6439456856,242373.0916547150,13252.0976482562,1145.2800292969,368.5700073242,539.4899902344,1683.1300048828,240.1399993896,13.1300001144,1009.299126637555,1009.299126637555,1009.299126637555,1009.299126637555,1009.299126637555,1009.299126637555,2026-06-29T13:30:00+00:00,2026-06-29T13:30:00+00:00,2026-06-29T13:30:00+00:00,2026-06-29T13:30:00+00:00,2026-06-29T13:30:00+00:00,2026-06-29T13:30:00+00:00,2026-06-29T13:30:00+00:00,2026-06-29T13:30:00+00:00,2026-06-29T13:30:00+00:00,2026-06-29T13:30:00+00:00,2026-06-29T13:30:00+00:00,2026-06-29T13:30:00+00:00
2026-06-30,1165051.6514354190,376497.7081252186,586325.8805360752,1713215.0263570594,240562.0744696871,13484.5568587166,1154.2900390625,373.0199890137,580.9099731445,1697.3900146484,238.3399963379,13.3599996567,1009.323144104804,1009.323144104804,1009.323144104803,1009.323144104804,1009.323144104804,1009.323144104804,2026-06-30T13:30:00+00:00,2026-06-30T13:30:00+00:00,2026-06-30T13:30:00+00:00,2026-06-30T13:30:00+00:00,2026-06-30T13:30:00+00:00,2026-06-30T13:30:00+00:00,2026-06-30T13:30:00+00:00,2026-06-30T13:30:00+00:00,2026-06-30T13:30:00+00:00,2026-06-30T13:30:00+00:00,2026-06-30T13:30:00+00:00,2026-06-30T13:30:00+00:00
2026-07-01,1041928.9175183158,387871.9260167950,545935.6976795447,1758474.4722777787,243959.2058716820,13515.1588399816,1032.2800292969,384.2799987793,540.8800048828,1742.1899414062,241.6999969482,13.3900003433,1009.347161572052,1009.347161572052,1009.347161572053,1009.347161572052,1009.347161572052,1009.347161572052,2026-07-01T13:30:00+00:00,2026-07-01T13:30:00+00:00,2026-07-01T13:30:00+00:00,2026-07-01T13:30:00+00:00,2026-07-01T13:30:00+00:00,2026-07-01T13:30:00+00:00,2026-07-01T13:30:00+00:00,2026-07-01T13:30:00+00:00,2026-07-01T13:30:00+00:00,2026-07-01T13:30:00+00:00,2026-07-01T13:30:00+00:00,2026-07-01T13:30:00+00:00
2026-07-02,984702.1449592956,394149.3418459164,522672.5913229863,1779884.7474850316,244944.1021692534,13737.5414001848,975.5599975586,390.4899902344,517.8200073242,1763.3599853516,242.6699981689,13.6099996567,1009.371179039301,1009.371179039301,1009.371179039301,1009.371179039301,1009.371179039301,1009.371179039301,2026-07-02T13:30:00+00:00,2026-07-02T13:30:00+00:00,2026-07-02T13:30:00+00:00,2026-07-02T13:30:00+00:00,2026-07-02T13:30:00+00:00,2026-07-02T13:30:00+00:00,2026-07-02T13:30:00+00:00,2026-07-02T13:30:00+00:00,2026-07-02T13:30:00+00:00,2026-07-02T13:30:00+00:00,2026-07-02T13:30:00+00:00,2026-07-02T13:30:00+00:00
2026-07-06,994072.8733624454,390401.3539847162,557276.3824372271,1822774.8762281658,246471.5271902292,14193.1099432400,984.7500000000,386.7399902344,552.0499877930,1805.6800537109,244.1600036621,14.0600004196,1009.467248908297,1009.467248908297,1009.467248908297,1009.467248908297,1009.467248908297,1009.467248908297,2026-07-06T13:30:00+00:00,2026-07-06T13:30:00+00:00,2026-07-06T13:30:00+00:00,2026-07-06T13:30:00+00:00,2026-07-06T13:30:00+00:00,2026-07-06T13:30:00+00:00,2026-07-06T13:30:00+00:00,2026-07-06T13:30:00+00:00,2026-07-06T13:30:00+00:00,2026-07-06T13:30:00+00:00,2026-07-06T13:30:00+00:00,2026-07-06T13:30:00+00:00
2026-07-07,947286.4194706413,392530.5803205998,521008.5227016133,1830823.4408238840,248314.6573900448,13739.1757887899,938.3800048828,388.8399963379,516.1099853516,1813.6099853516,245.9799957275,13.6099996567,1009.491266375546,1009.491266375546,1009.491266375546,1009.491266375546,1009.491266375546,1009.491266375546,2026-07-07T13:30:00+00:00,2026-07-07T13:30:00+00:00,2026-07-07T13:30:00+00:00,2026-07-07T13:30:00+00:00,2026-07-07T13:30:00+00:00,2026-07-07T13:30:00+00:00,2026-07-07T13:30:00+00:00,2026-07-07T13:30:00+00:00,2026-07-07T13:30:00+00:00,2026-07-07T13:30:00+00:00,2026-07-07T13:30:00+00:00,2026-07-07T13:30:00+00:00
2026-07-08,957828.0889868591,386987.5852113416,522333.2759020943,1826596.7692087500,245938.1085205078,13497.2192294483,948.7999877930,383.3399963379,517.4099731445,1809.3800048828,243.6199951172,13.3699998856,1009.515283842795,1009.515283842795,1009.515283842795,1009.515283842795,1009.515283842795,1009.515283842795,2026-07-08T13:30:00+00:00,2026-07-08T13:30:00+00:00,2026-07-08T13:30:00+00:00,2026-07-08T13:30:00+00:00,2026-07-08T13:30:00+00:00,2026-07-08T13:30:00+00:00,2026-07-08T13:30:00+00:00,2026-07-08T13:30:00+00:00,2026-07-08T13:30:00+00:00,2026-07-08T13:30:00+00:00,2026-07-08T13:30:00+00:00,2026-07-08T13:30:00+00:00
2026-07-09,1001099.5675392651,388026.5110633550,551935.2972358804,1825075.3907228161,249396.5822177204,13800.4023259300,991.6400146484,384.3599853516,546.7199707031,1807.8299560547,247.0399932861,13.6700000763,1009.539301310044,1009.539301310044,1009.539301310044,1009.539301310044,1009.539301310044,1009.539301310044,2026-07-09T13:30:00+00:00,2026-07-09T13:30:00+00:00,2026-07-09T13:30:00+00:00,2026-07-09T13:30:00+00:00,2026-07-09T13:30:00+00:00,2026-07-09T13:30:00+00:00,2026-07-09T13:30:00+00:00,2026-07-09T13:30:00+00:00,2026-07-09T13:30:00+00:00,2026-07-09T13:30:00+00:00,2026-07-09T13:30:00+00:00,2026-07-09T13:30:00+00:00
2026-07-10,988665.3457548317,388782.8402230209,563225.2947011889,1869933.3407286266,247686.2609316897,13891.5914974463,979.2999877930,385.1000061035,557.8900146484,1852.2199707031,245.3399963379,13.7600002289,1009.563318777293,1009.563318777293,1009.563318777293,1009.563318777293,1009.563318777293,1009.563318777293,2026-07-10T13:30:00+00:00,2026-07-10T13:30:00+00:00,2026-07-10T13:30:00+00:00,2026-07-10T13:30:00+00:00,2026-07-10T13:30:00+00:00,2026-07-10T13:30:00+00:00,2026-07-10T13:30:00+00:00,2026-07-10T13:30:00+00:00,2026-07-10T13:30:00+00:00,2026-07-10T13:30:00+00:00,2026-07-10T13:30:00+00:00,2026-07-10T13:30:00+00:00
2026-07-13,946028.3427947599,394757.3239175722,539539.0607939474,1885292.1779012224,249692.9211813581,13801.7156010465,937.0000000000,390.9899902344,534.3900146484,1867.3000488281,247.3099975586,13.6700000763,1009.635371179039,1009.635371179039,1009.635371179039,1009.635371179039,1009.635371179039,1009.635371179039,2026-07-13T13:30:00+00:00,2026-07-13T13:30:00+00:00,2026-07-13T13:30:00+00:00,2026-07-13T13:30:00+00:00,2026-07-13T13:30:00+00:00,2026-07-13T13:30:00+00:00,2026-07-13T13:30:00+00:00,2026-07-13T13:30:00+00:00,2026-07-13T13:30:00+00:00,2026-07-13T13:30:00+00:00,2026-07-13T13:30:00+00:00,2026-07-13T13:30:00+00:00
2026-07-14,992616.3332359614,388648.1810766495,553424.6056286674,1891980.5401264841,249880.6076422945,14125.1346160689,983.1199951172,384.9299926758,548.1300048828,1873.8800048828,247.4900054932,13.9899997711,1009.659388646288,1009.659388646288,1009.659388646288,1009.659388646288,1009.659388646288,1009.659388646288,2026-07-14T13:30:00+00:00,2026-07-14T13:30:00+00:00,2026-07-14T13:30:00+00:00,2026-07-14T13:30:00+00:00,2026-07-14T13:30:00+00:00,2026-07-14T13:30:00+00:00,2026-07-14T13:30:00+00:00,2026-07-14T13:30:00+00:00,2026-07-14T13:30:00+00:00,2026-07-14T13:30:00+00:00,2026-07-14T13:30:00+00:00,2026-07-14T13:30:00+00:00
2026-07-15,913036.5400609178,399461.0508907934,534263.8923012012,1861038.2981532733,257428.8880015877,14014.4057924050,904.2800292969,395.6300048828,529.1400146484,1843.1899414062,254.9600067139,13.8800001144,1009.683406113537,1009.683406113537,1009.683406113537,1009.683406113537,1009.683406113537,1009.683406113537,2026-07-15T13:30:00+00:00,2026-07-15T13:30:00+00:00,2026-07-15T13:30:00+00:00,2026-07-15T13:30:00+00:00,2026-07-15T13:30:00+00:00,2026-07-15T13:30:00+00:00,2026-07-15T13:30:00+00:00,2026-07-15T13:30:00+00:00,2026-07-15T13:30:00+00:00,2026-07-15T13:30:00+00:00,2026-07-15T13:30:00+00:00,2026-07-15T13:30:00+00:00
2026-07-16,861482.3861246567,404993.6537610183,505802.8392336650,1875450.8070793317,252315.7874623261,13923.8653326618,853.2000122070,401.1000061035,500.9400024414,1857.4200439453,249.8899993896,13.7899999619,1009.707423580786,1009.707423580786,1009.707423580786,1009.707423580786,1009.707423580786,1009.707423580786,2026-07-16T13:30:00+00:00,2026-07-16T13:30:00+00:00,2026-07-16T13:30:00+00:00,2026-07-16T13:30:00+00:00,2026-07-16T13:30:00+00:00,2026-07-16T13:30:00+00:00,2026-07-16T13:30:00+00:00,2026-07-16T13:30:00+00:00,2026-07-16T13:30:00+00:00,2026-07-16T13:30:00+00:00,2026-07-16T13:30:00+00:00,2026-07-16T13:30:00+00:00
2026-07-17,857211.5192035525,397652.4435090311,500584.4690746324,1831561.9927437461,249635.8998562676,13722.2504379156,848.9500122070,393.8200073242,495.7600097656,1813.9100341797,247.2299957275,13.5900001526,1009.731441048035,1009.731441048035,1009.731441048035,1009.731441048035,1009.731441048035,1009.731441048035,2026-07-17T13:30:00+00:00,2026-07-17T13:30:00+00:00,2026-07-17T13:30:00+00:00,2026-07-17T13:30:00+00:00,2026-07-17T13:30:00+00:00,2026-07-17T13:30:00+00:00,2026-07-17T13:30:00+00:00,2026-07-17T13:30:00+00:00,2026-07-17T13:30:00+00:00,2026-07-17T13:30:00+00:00,2026-07-17T13:30:00+00:00,2026-07-17T13:30:00+00:00
2026-07-20,873944.5536291130,406233.8560086046,508506.7525925282,1850384.1618433790,252440.7808745272,14127.1506422368,865.4600219727,402.2900085449,503.5700073242,1832.4200439453,249.9900054932,13.9899997711,1009.803493449782,1009.803493449782,1009.803493449782,1009.803493449782,1009.803493449782,1009.803493449782,2026-07-20T13:30:00+00:00,2026-07-20T13:30:00+00:00,2026-07-20T13:30:00+00:00,2026-07-20T13:30:00+00:00,2026-07-20T13:30:00+00:00,2026-07-20T13:30:00+00:00,2026-07-20T13:30:00+00:00,2026-07-20T13:30:00+00:00,2026-07-20T13:30:00+00:00,2026-07-20T13:30:00+00:00,2026-07-20T13:30:00+00:00,2026-07-20T13:30:00+00:00
2026-07-21,980360.7515446693,401658.8924672490,549780.3843723614,1840562.1374269179,249982.8034092599,14531.4182287928,970.8200073242,397.7500000000,544.4299926758,1822.6500244141,247.5500030518,14.3900003433,1009.827510917031,1009.827510917031,1009.827510917031,1009.827510917031,1009.827510917031,1009.827510917031,2026-07-21T13:30:00+00:00,2026-07-21T13:30:00+00:00,2026-07-21T13:30:00+00:00,2026-07-21T13:30:00+00:00,2026-07-21T13:30:00+00:00,2026-07-21T13:30:00+00:00,2026-07-21T13:30:00+00:00,2026-07-21T13:30:00+00:00,2026-07-21T13:30:00+00:00,2026-07-21T13:30:00+00:00,2026-07-21T13:30:00+00:00,2026-07-21T13:30:00+00:00
2026-07-22,968932.3247304858,394185.4418913329,557771.3119306939,1816934.9289369541,247262.1528885354,14652.9459079926,959.4799804688,390.3399963379,552.3300170898,1799.2099609375,244.8500061035,14.5100002289,1009.851528384280,1009.851528384280,1009.851528384280,1009.851528384280,1009.851528384280,1009.851528384280,2026-07-22T13:30:00+00:00,2026-07-22T13:30:00+00:00,2026-07-22T13:30:00+00:00,2026-07-22T13:30:00+00:00,2026-07-22T13:30:00+00:00,2026-07-22T13:30:00+00:00,2026-07-22T13:30:00+00:00,2026-07-22T13:30:00+00:00,2026-07-22T13:30:00+00:00,2026-07-22T13:30:00+00:00,2026-07-22T13:30:00+00:00,2026-07-22T13:30:00+00:00
2026-07-23,999988.8864472902,385348.2972256856,545019.7358061278,1816463.0950128147,235967.5237419428,14330.1335718725,990.2100219727,381.5799865723,539.6900024414,1798.6999511719,233.6600036621,14.1899995804,1009.875545851528,1009.875545851528,1009.875545851528,1009.875545851528,1009.875545851528,1009.875545851528,2026-07-23T13:30:00+00:00,2026-07-23T13:30:00+00:00,2026-07-23T13:30:00+00:00,2026-07-23T13:30:00+00:00,2026-07-23T13:30:00+00:00,2026-07-23T13:30:00+00:00,2026-07-23T13:30:00+00:00,2026-07-23T13:30:00+00:00,2026-07-23T13:30:00+00:00,2026-07-23T13:30:00+00:00,2026-07-23T13:30:00+00:00,2026-07-23T13:30:00+00:00
2026-07-24,930067.0151663035,385478.6756466528,527117.0894021114,1819273.4101711756,234407.7882583152,14229.4850012600,920.9500122070,381.7000122070,521.9500122070,1801.4399414062,232.1100006104,14.0900001526,1009.899563318777,1009.899563318777,1009.899563318777,1009.899563318777,1009.899563318777,1009.899563318777,2026-07-24T13:30:00+00:00,2026-07-24T13:30:00+00:00,2026-07-24T13:30:00+00:00,2026-07-24T13:30:00+00:00,2026-07-24T13:30:00+00:00,2026-07-24T13:30:00+00:00,2026-07-24T13:30:00+00:00,2026-07-24T13:30:00+00:00,2026-07-24T13:30:00+00:00,2026-07-24T13:30:00+00:00,2026-07-24T13:30:00+00:00,2026-07-24T13:30:00+00:00
2026-07-27,909176.4608003708,392979.9618412334,499885.4635296285,1837885.7381282623,233697.3315451343,14674.8873067277,900.2000122070,389.1000061035,494.9500122070,1819.7399902344,231.3899993896,14.5299997330,1009.971615720524,1009.971615720524,1009.971615720524,1009.971615720524,1009.971615720524,1009.971615720524,2026-07-27T13:30:00+00:00,2026-07-27T13:30:00+00:00,2026-07-27T13:30:00+00:00,2026-07-27T13:30:00+00:00,2026-07-27T13:30:00+00:00,2026-07-27T13:30:00+00:00,2026-07-27T13:30:00+00:00,2026-07-27T13:30:00+00:00,2026-07-27T13:30:00+00:00,2026-07-27T13:30:00+00:00,2026-07-27T13:30:00+00:00,2026-07-27T13:30:00+00:00
2026-07-28,828731.7464892791,397281.7884789346,459164.2098282060,1881137.0864513679,233167.5924941817,14826.7362034227,820.5300292969,393.3500061035,454.6199951172,1862.5200195312,230.8600006104,14.6800003052,1009.995633187773,1009.995633187773,1009.995633187773,1009.995633187773,1009.995633187773,1009.995633187773,2026-07-28T13:30:00+00:00,2026-07-28T13:30:00+00:00,2026-07-28T13:30:00+00:00,2026-07-28T13:30:00+00:00,2026-07-28T13:30:00+00:00,2026-07-28T13:30:00+00:00,2026-07-28T13:30:00+00:00,2026-07-28T13:30:00+00:00,2026-07-28T13:30:00+00:00,2026-07-28T13:30:00+00:00,2026-07-28T13:30:00+00:00,2026-07-28T13:30:00+00:00
2026-07-29,746404.5218340611,394453.0829973512,433864.0386695029,1881979.7744428476,228920.9476562900,14180.6758566673,739.0000000000,390.5400085449,429.5599975586,1863.3100585938,226.6499938965,14.0399999619,1010.019650655022,1010.019650655022,1010.019650655022,1010.019650655022,1010.019650655022,1010.019650655022,2026-07-29T13:30:00+00:00,2026-07-29T13:30:00+00:00,2026-07-29T13:30:00+00:00,2026-07-29T13:30:00+00:00,2026-07-29T13:30:00+00:00,2026-07-29T13:30:00+00:00,2026-07-29T13:30:00+00:00,2026-07-29T13:30:00+00:00,2026-07-29T13:30:00+00:00,2026-07-29T13:30:00+00:00,2026-07-29T13:30:00+00:00,2026-07-29T13:30:00+00:00
2026-07-30,883444.7676346292,455630.7048547736,490265.1108654306,1904669.6265607942,237865.2838427948,14635.5325199111,874.6599731445,451.1000061035,485.3900146484,1885.7299804688,235.5000000000,14.4899997711,1010.043668122271,1010.043668122271,1010.043668122271,1010.043668122271,1010.043668122271,1010.043668122271,2026-07-30T13:30:00+00:00,2026-07-30T13:30:00+00:00,2026-07-30T13:30:00+00:00,2026-07-30T13:30:00+00:00,2026-07-30T13:30:00+00:00,2026-07-30T13:30:00+00:00,2026-07-30T13:30:00+00:00,2026-07-30T13:30:00+00:00,2026-07-30T13:30:00+00:00,2026-07-30T13:30:00+00:00,2026-07-30T13:30:00+00:00,2026-07-30T13:30:00+00:00
2026-07-31,831316.0368625690,469398.6560801544,480943.7223284859,1896856.5608331272,274314.1684894811,14474.2698574358,823.0300292969,464.7200012207,476.1499938965,1877.9499511719,271.5799865723,14.3299999237,1010.067685589520,1010.067685589520,1010.067685589520,1010.067685589520,1010.067685589520,1010.067685589520,2026-07-31T13:30:00+00:00,2026-07-31T13:30:00+00:00,2026-07-31T13:30:00+00:00,2026-07-31T13:30:00+00:00,2026-07-31T13:30:00+00:00,2026-07-31T13:30:00+00:00,2026-07-31T13:30:00+00:00,2026-07-31T13:30:00+00:00,2026-07-31T13:30:00+00:00,2026-07-31T13:30:00+00:00,2026-07-31T13:30:00+00:00,2026-07-31T13:30:00+00:00
2026-08-03,837910.9126637555,492594.6370660374,489554.1374170562,1918043.2725590202,286899.8772865529,14586.4173927224,829.5000000000,487.6499938965,484.6400146484,1898.7900390625,284.0199890137,14.4399995804,1010.139737991266,1010.139737991266,1010.139737991266,1010.139737991266,1010.139737991266,1010.139737991266,2026-08-03T13:30:00+00:00,2026-08-03T13:30:00+00:00,2026-08-03T13:30:00+00:00,2026-08-03T13:30:00+00:00,2026-08-03T13:30:00+00:00,2026-08-03T13:30:00+00:00,2026-08-03T13:30:00+00:00,2026-08-03T13:30:00+00:00,2026-08-03T13:30:00+00:00,2026-08-03T13:30:00+00:00,2026-08-03T13:30:00+00:00,2026-08-03T13:30:00+00:00
2026-08-04,901742.8623216121,497818.7978612908,523850.7375692176,1907694.2521834061,280239.6426035119,14475.6465386511,892.6699829102,492.8099975586,518.5800170898,1888.5000000000,277.4200134277,14.3299999237,1010.163755458515,1010.163755458515,1010.163755458515,1010.163755458515,1010.163755458515,1010.163755458515,2026-08-04T13:30:00+00:00,2026-08-04T13:30:00+00:00,2026-08-04T13:30:00+00:00,2026-08-04T13:30:00+00:00,2026-08-04T13:30:00+00:00,2026-08-04T13:30:00+00:00,2026-08-04T13:30:00+00:00,2026-08-04T13:30:00+00:00,2026-08-04T13:30:00+00:00,2026-08-04T13:30:00+00:00,2026-08-04T13:30:00+00:00,2026-08-04T13:30:00+00:00
2026-08-05,902289.6193658421,492426.1231584174,486961.0036074709,1942156.6523357541,275427.6901225128,14627.5184895378,893.1900024414,487.4599914551,482.0499877930,1922.5699462891,272.6499938965,14.4799995422,1010.187772925764,1010.187772925764,1010.187772925764,1010.187772925764,1010.187772925764,1010.187772925764,2026-08-05T13:30:00+00:00,2026-08-05T13:30:00+00:00,2026-08-05T13:30:00+00:00,2026-08-05T13:30:00+00:00,2026-08-05T13:30:00+00:00,2026-08-05T13:30:00+00:00,2026-08-05T13:30:00+00:00,2026-08-05T13:30:00+00:00,2026-08-05T13:30:00+00:00,2026-08-05T13:30:00+00:00,2026-08-05T13:30:00+00:00,2026-08-05T13:30:00+00:00
2026-08-06,890471.3572816807,504964.4507478272,494276.4235703247,1848687.5764192140,275040.2719177512,14264.1903647398,881.4699707031,499.8599853516,489.2799987793,1830.0000000000,272.2600097656,14.1199998856,1010.211790393013,1010.211790393013,1010.211790393013,1010.211790393013,1010.211790393013,1010.211790393013,2026-08-06T13:30:00+00:00,2026-08-06T13:30:00+00:00,2026-08-06T13:30:00+00:00,2026-08-06T13:30:00+00:00,2026-08-06T13:30:00+00:00,2026-08-06T13:30:00+00:00,2026-08-06T13:30:00+00:00,2026-08-06T13:30:00+00:00,2026-08-06T13:30:00+00:00,2026-08-06T13:30:00+00:00,2026-08-06T13:30:00+00:00,2026-08-06T13:30:00+00:00
2026-08-07,886552.6453031182,505107.7917064683,488307.5652889601,1839326.1738195959,277289.5356402668,13981.6637349358,877.5700073242,499.9899902344,483.3599853516,1820.6899414062,274.4800109863,13.8400001526,1010.235807860262,1010.235807860262,1010.235807860262,1010.235807860262,1010.235807860262,1010.235807860262,2026-08-07T13:30:00+00:00,2026-08-07T13:30:00+00:00,2026-08-07T13:30:00+00:00,2026-08-07T13:30:00+00:00,2026-08-07T13:30:00+00:00,2026-08-07T13:30:00+00:00,2026-08-07T13:30:00+00:00,2026-08-07T13:30:00+00:00,2026-08-07T13:30:00+00:00,2026-08-07T13:30:00+00:00,2026-08-07T13:30:00+00:00,2026-08-07T13:30:00+00:00
2026-08-10,869875.0676855895,511276.3932976202,474400.1563980569,1843145.0072583861,280956.5091604041,14002.8665963698,861.0000000000,506.0599975586,469.5599975586,1824.3399658203,278.0899963379,13.8599996567,1010.307860262009,1010.307860262009,1010.307860262009,1010.307860262009,1010.307860262009,1010.307860262009,2026-08-10T13:30:00+00:00,2026-08-10T13:30:00+00:00,2026-08-10T13:30:00+00:00,2026-08-10T13:30:00+00:00,2026-08-10T13:30:00+00:00,2026-08-10T13:30:00+00:00,2026-08-10T13:30:00+00:00,2026-08-10T13:30:00+00:00,2026-08-10T13:30:00+00:00,2026-08-10T13:30:00+00:00,2026-08-10T13:30:00+00:00,2026-08-10T13:30:00+00:00
2026-08-11,877493.4621784593,509015.3008521467,479220.6236444332,1960043.8427947597,275083.0492495074,13791.0297455933,868.5200195312,503.8099975586,474.3200073242,1940.0000000000,272.2699890137,13.6499996185,1010.331877729258,1010.331877729258,1010.331877729258,1010.331877729258,1010.331877729258,1010.331877729258,2026-08-11T13:30:00+00:00,2026-08-11T13:30:00+00:00,2026-08-11T13:30:00+00:00,2026-08-11T13:30:00+00:00,2026-08-11T13:30:00+00:00,2026-08-11T13:30:00+00:00,2026-08-11T13:30:00+00:00,2026-08-11T13:30:00+00:00,2026-08-11T13:30:00+00:00,2026-08-11T13:30:00+00:00,2026-08-11T13:30:00+00:00,2026-08-11T13:30:00+00:00
2026-08-12,920727.2015334218,497529.5460715481,487931.1650671813,1847223.6190958482,270047.9224347777,13700.4263628268,911.2899780273,492.4299926758,482.9299926758,1828.2900390625,267.2799987793,13.5600004196,1010.355895196507,1010.355895196507,1010.355895196507,1010.355895196507,1010.355895196506,1010.355895196507,2026-08-12T13:30:00+00:00,2026-08-12T13:30:00+00:00,2026-08-12T13:30:00+00:00,2026-08-12T13:30:00+00:00,2026-08-12T13:30:00+00:00,2026-08-12T13:30:00+00:00,2026-08-12T13:30:00+00:00,2026-08-12T13:30:00+00:00,2026-08-12T13:30:00+00:00,2026-08-12T13:30:00+00:00,2026-08-12T13:30:00+00:00,2026-08-12T13:30:00+00:00
2026-08-13,959689.1697126497,502037.5759378625,488023.6114827119,1847227.0753275109,267882.0311780372,14074.5924917496,949.8300170898,496.8800048828,483.0100097656,1828.2500000000,265.1300048828,13.9300003052,1010.379912663755,1010.379912663755,1010.379912663755,1010.379912663755,1010.379912663755,1010.379912663755,2026-08-13T13:30:00+00:00,2026-08-13T13:30:00+00:00,2026-08-13T13:30:00+00:00,2026-08-13T13:30:00+00:00,2026-08-13T13:30:00+00:00,2026-08-13T13:30:00+00:00,2026-08-13T13:30:00+00:00,2026-08-13T13:30:00+00:00,2026-08-13T13:30:00+00:00,2026-08-13T13:30:00+00:00,2026-08-13T13:30:00+00:00,2026-08-13T13:30:00+00:00
2026-08-14,981769.0556162206,500554.1008198834,519741.6924209262,1863770.8370385317,265382.5860818921,15388.4513933690,971.6599731445,495.3999938965,514.3900146484,1844.5799560547,262.6499938965,15.2299995422,1010.403930131004,1010.403930131004,1010.403930131004,1010.403930131004,1010.403930131004,1010.403930131004,2026-08-14T13:30:00+00:00,2026-08-14T13:30:00+00:00,2026-08-14T13:30:00+00:00,2026-08-14T13:30:00+00:00,2026-08-14T13:30:00+00:00,2026-08-14T13:30:00+00:00,2026-08-14T13:30:00+00:00,2026-08-14T13:30:00+00:00,2026-08-14T13:30:00+00:00,2026-08-14T13:30:00+00:00,2026-08-14T13:30:00+00:00,2026-08-14T13:30:00+00:00
2026-08-17,1022349.0753275109,485382.1443770630,511300.8471615721,1806296.4978224575,264047.4765286508,14894.4157512532,1011.7500000000,480.3500061035,506.0000000000,1787.5699462891,261.3099975586,14.7399997711,1010.475982532751,1010.475982532751,1010.475982532751,1010.475982532751,1010.475982532751,1010.475982532751,2026-08-17T13:30:00+00:00,2026-08-17T13:30:00+00:00,2026-08-17T13:30:00+00:00,2026-08-17T13:30:00+00:00,2026-08-17T13:30:00+00:00,2026-08-17T13:30:00+00:00,2026-08-17T13:30:00+00:00,2026-08-17T13:30:00+00:00,2026-08-17T13:30:00+00:00,2026-08-17T13:30:00+00:00,2026-08-17T13:30:00+00:00,2026-08-17T13:30:00+00:00
2026-08-18,296900.0000000000,25320.0000000000,76250.0000000000,23500.0000000000,2842.5000000000,11350.0000000000,940.7600097656,481.6300048828,484.3900146484,1779.1400146484,259.4500122070,14.3500003815,315.595897910210,52.571475496342,157.414475307343,13.208628779362,10.955867667224,790.940745524742,2026-08-18T19:00:00+00:00,2026-08-18T20:00:00+00:00,2026-08-18T19:00:00+00:00,2026-08-18T19:00:00+00:00,2026-08-18T19:00:00+00:00,2026-08-18T19:00:00+00:00,2026-08-18T13:30:00+00:00,2026-08-18T13:30:00+00:00,2026-08-18T13:30:00+00:00,2026-08-18T13:30:00+00:00,2026-08-18T13:30:00+00:00,2026-08-18T13:30:00+00:00
